index,lang_id
1,ssw
2,ssw
3,ssw
4,ssw
5,ssw
6,nso
7,ssw
8,ssw
9,ssw
10,ssw
11,ssw
12,ssw
13,ssw
14,sot
15,tso
16,ssw
17,ssw
18,ssw
19,ssw
20,ssw
21,ssw
22,ssw
23,ssw
24,ssw
25,ssw
26,ssw
27,ssw
28,afr
29,ssw
30,tso
31,ssw
32,ssw
33,ssw
34,ssw
35,ssw
36,afr
37,nso
38,xho
39,sot
40,eng
41,ssw
42,ssw
43,ssw
44,ssw
45,ssw
46,ssw
47,ssw
48,ssw
49,ssw
50,ssw
51,sot
52,ssw
53,sot
54,nso
55,ssw
56,ssw
57,ssw
58,ssw
59,ssw
60,sot
61,ssw
62,tso
63,ssw
64,ssw
65,xho
66,ssw
67,ssw
68,ssw
69,ssw
70,ssw
71,ssw
72,tso
73,ssw
74,nso
75,ssw
76,ssw
77,ssw
78,tso
79,ssw
80,ssw
81,ssw
82,ssw
83,xho
84,ssw
85,ssw
86,nso
87,ssw
88,ssw
89,tso
90,ssw
91,ssw
92,ssw
93,ssw
94,ssw
95,ssw
96,ssw
97,ssw
98,ssw
99,ssw
100,ssw
101,ssw
102,ssw
103,nso
104,ssw
105,ven
106,ven
107,ssw
108,nso
109,ssw
110,ssw
111,ssw
112,ssw
113,ssw
114,ssw
115,ssw
116,tsn
117,ssw
118,ssw
119,ssw
120,ssw
121,ssw
122,ssw
123,ssw
124,tso
125,ssw
126,ssw
127,ssw
128,ssw
129,ssw
130,ssw
131,ssw
132,ssw
133,ssw
134,ssw
135,ssw
136,ssw
137,ssw
138,sot
139,ssw
140,ssw
141,sot
142,ssw
143,ssw
144,tsn
145,ssw
146,ssw
147,ssw
148,sot
149,ssw
150,ssw
151,nso
152,xho
153,ssw
154,ssw
155,ssw
156,ssw
157,ssw
158,ssw
159,ssw
160,ssw
161,ssw
162,ssw
163,ssw
164,xho
165,ssw
166,sot
167,ssw
168,ssw
169,ssw
170,ssw
171,ssw
172,ssw
173,ssw
174,afr
175,ssw
176,nso
177,ssw
178,ssw
179,tso
180,ssw
181,ssw
182,nso
183,ssw
184,ssw
185,sot
186,ssw
187,ssw
188,ssw
189,ssw
190,ssw
191,ssw
192,tso
193,ssw
194,ssw
195,ssw
196,ssw
197,sot
198,ssw
199,ssw
200,ssw
201,ssw
202,ssw
203,ssw
204,ssw
205,ssw
206,ssw
207,ssw
208,ssw
209,ssw
210,ssw
211,ssw
212,tso
213,ssw
214,ssw
215,ssw
216,ssw
217,ssw
218,ssw
219,ssw
220,ssw
221,ssw
222,ssw
223,afr
224,ssw
225,ssw
226,ssw
227,ssw
228,eng
229,ssw
230,nso
231,ssw
232,ven
233,ssw
234,sot
235,ssw
236,ssw
237,ssw
238,tso
239,ssw
240,nso
241,ssw
242,ssw
243,ssw
244,ssw
245,ssw
246,ssw
247,ssw
248,nso
249,ssw
250,ssw
251,ssw
252,ssw
253,sot
254,afr
255,ssw
256,ssw
257,nso
258,ssw
259,ssw
260,ssw
261,ssw
262,ssw
263,ssw
264,sot
265,ssw
266,ssw
267,ssw
268,ssw
269,ssw
270,afr
271,nso
272,afr
273,ssw
274,nso
275,ssw
276,ssw
277,ssw
278,ssw
279,sot
280,nbl
281,ssw
282,nso
283,ssw
284,ssw
285,eng
286,ssw
287,ssw
288,zul
289,ssw
290,ssw
291,nso
292,ssw
293,tso
294,ssw
295,ssw
296,ssw
297,ssw
298,ssw
299,zul
300,nso
301,ssw
302,afr
303,ssw
304,ssw
305,ssw
306,eng
307,ssw
308,sot
309,ssw
310,xho
311,ssw
312,ssw
313,ssw
314,ssw
315,ssw
316,ssw
317,afr
318,ssw
319,ssw
320,ssw
321,ssw
322,ssw
323,sot
324,ssw
325,ssw
326,ssw
327,ssw
328,ssw
329,ssw
330,afr
331,ssw
332,ssw
333,ssw
334,ssw
335,sot
336,ssw
337,ssw
338,ssw
339,ssw
340,nso
341,ssw
342,ssw
343,ssw
344,ssw
345,ssw
346,ssw
347,ssw
348,ssw
349,ssw
350,ssw
351,ssw
352,ssw
353,nso
354,ssw
355,ssw
356,ssw
357,ssw
358,nso
359,ssw
360,ssw
361,ssw
362,ssw
363,ssw
364,ssw
365,ssw
366,ssw
367,ssw
368,xho
369,ssw
370,afr
371,ssw
372,ssw
373,ssw
374,ssw
375,ssw
376,ssw
377,nso
378,ssw
379,nso
380,ssw
381,ssw
382,ssw
383,ssw
384,ssw
385,ssw
386,ssw
387,ssw
388,sot
389,ssw
390,sot
391,ssw
392,afr
393,ssw
394,nso
395,ssw
396,nso
397,ssw
398,nbl
399,afr
400,ssw
401,sot
402,ssw
403,nso
404,ssw
405,eng
406,ssw
407,eng
408,ssw
409,ssw
410,ssw
411,ssw
412,ssw
413,ssw
414,nso
415,ssw
416,ssw
417,ssw
418,ssw
419,tso
420,tso
421,ssw
422,ssw
423,ssw
424,ssw
425,ssw
426,ssw
427,ssw
428,ssw
429,ssw
430,ssw
431,ssw
432,ssw
433,ssw
434,ssw
435,ssw
436,ssw
437,ssw
438,ssw
439,ssw
440,ssw
441,nso
442,ssw
443,sot
444,ssw
445,ssw
446,ssw
447,tso
448,ssw
449,ssw
450,ssw
451,ssw
452,ssw
453,ven
454,eng
455,ssw
456,ven
457,ssw
458,ssw
459,sot
460,ssw
461,ssw
462,ssw
463,ssw
464,ssw
465,ssw
466,ssw
467,ssw
468,ssw
469,ssw
470,ssw
471,ssw
472,ssw
473,ssw
474,afr
475,ssw
476,ssw
477,ssw
478,ssw
479,sot
480,ssw
481,ssw
482,ssw
483,afr
484,ssw
485,ssw
486,ssw
487,eng
488,ssw
489,ssw
490,nso
491,nso
492,ssw
493,ssw
494,ven
495,nso
496,ssw
497,ssw
498,ssw
499,ssw
500,ven
501,ssw
502,ssw
503,ssw
504,ssw
505,ssw
506,ssw
507,ssw
508,sot
509,ssw
510,ssw
511,afr
512,ssw
513,ssw
514,ssw
515,ssw
516,ssw
517,ssw
518,ssw
519,ssw
520,ven
521,ssw
522,ssw
523,ssw
524,ssw
525,ssw
526,ssw
527,ssw
528,ssw
529,xho
530,ssw
531,ssw
532,ssw
533,ssw
534,ssw
535,ssw
536,ssw
537,ssw
538,ssw
539,ssw
540,ssw
541,ssw
542,ssw
543,ssw
544,ssw
545,ssw
546,tso
547,ssw
548,ssw
549,ssw
550,ssw
551,ssw
552,eng
553,ssw
554,ssw
555,ssw
556,ssw
557,ssw
558,ssw
559,ssw
560,ssw
561,ssw
562,ssw
563,afr
564,ssw
565,ssw
566,xho
567,ssw
568,ssw
569,ssw
570,ssw
571,ssw
572,ssw
573,sot
574,ssw
575,ssw
576,ssw
577,ssw
578,ssw
579,ssw
580,ssw
581,ssw
582,ssw
583,ssw
584,ssw
585,ssw
586,ssw
587,ssw
588,ssw
589,ssw
590,ssw
591,ssw
592,ssw
593,ssw
594,ssw
595,ssw
596,ssw
597,ssw
598,ven
599,ssw
600,ssw
601,ssw
602,ssw
603,nso
604,nso
605,ssw
606,ssw
607,ssw
608,afr
609,ssw
610,ssw
611,ssw
612,tsn
613,ssw
614,ssw
615,afr
616,ssw
617,ssw
618,ssw
619,ssw
620,nso
621,ssw
622,ssw
623,xho
624,ssw
625,ssw
626,ssw
627,ssw
628,ssw
629,ven
630,ssw
631,ssw
632,ssw
633,ssw
634,ssw
635,ssw
636,ssw
637,ssw
638,ssw
639,ssw
640,ssw
641,ssw
642,ssw
643,ssw
644,ssw
645,ssw
646,ssw
647,ssw
648,ssw
649,ssw
650,sot
651,ssw
652,ssw
653,ssw
654,nso
655,ssw
656,afr
657,xho
658,sot
659,sot
660,ssw
661,ssw
662,ssw
663,ssw
664,tso
665,ven
666,ssw
667,sot
668,ssw
669,sot
670,ssw
671,ssw
672,ssw
673,ssw
674,ssw
675,ssw
676,ssw
677,ssw
678,ssw
679,ssw
680,ssw
681,ssw
682,ssw
683,ssw
684,ssw
685,sot
686,ssw
687,ssw
688,ssw
689,ssw
690,ssw
691,ssw
692,ssw
693,ssw
694,ssw
695,ssw
696,ssw
697,tso
698,nso
699,ssw
700,ssw
701,ssw
702,tso
703,ssw
704,ssw
705,sot
706,ssw
707,ssw
708,ssw
709,ssw
710,ssw
711,ssw
712,ssw
713,ssw
714,ssw
715,ssw
716,sot
717,ssw
718,tso
719,ssw
720,eng
721,ssw
722,ssw
723,ssw
724,ssw
725,ssw
726,ssw
727,ssw
728,ssw
729,ssw
730,ssw
731,xho
732,sot
733,nso
734,ssw
735,ssw
736,afr
737,ssw
738,eng
739,ssw
740,ssw
741,ssw
742,sot
743,ssw
744,ssw
745,ssw
746,ssw
747,ssw
748,ssw
749,ssw
750,ssw
751,ssw
752,afr
753,ssw
754,ssw
755,ssw
756,tsn
757,ssw
758,tso
759,ssw
760,ssw
761,ssw
762,ssw
763,ssw
764,ssw
765,ssw
766,ssw
767,ssw
768,ssw
769,sot
770,ssw
771,eng
772,ssw
773,ssw
774,afr
775,eng
776,ssw
777,ssw
778,ssw
779,ssw
780,ssw
781,ssw
782,ssw
783,ssw
784,ssw
785,sot
786,afr
787,ssw
788,ssw
789,ssw
790,ssw
791,ssw
792,ssw
793,ssw
794,tso
795,eng
796,ssw
797,ssw
798,ssw
799,ssw
800,ssw
801,ssw
802,ssw
803,ssw
804,xho
805,ssw
806,ssw
807,ssw
808,ssw
809,ssw
810,ssw
811,eng
812,nso
813,ssw
814,ssw
815,ssw
816,ssw
817,ssw
818,ssw
819,afr
820,ssw
821,afr
822,ssw
823,nso
824,ssw
825,ssw
826,sot
827,ssw
828,nso
829,ssw
830,ssw
831,ssw
832,ssw
833,ssw
834,ssw
835,eng
836,ssw
837,ssw
838,afr
839,ssw
840,tsn
841,ssw
842,ven
843,ssw
844,ssw
845,ssw
846,ssw
847,ssw
848,ssw
849,ssw
850,ssw
851,ssw
852,ssw
853,ssw
854,ssw
855,ssw
856,sot
857,afr
858,ssw
859,xho
860,afr
861,ssw
862,ssw
863,ssw
864,ssw
865,xho
866,ssw
867,ssw
868,ssw
869,ssw
870,ven
871,ssw
872,nbl
873,ssw
874,ssw
875,ssw
876,sot
877,ssw
878,ssw
879,ssw
880,ssw
881,ssw
882,ssw
883,ssw
884,ssw
885,ssw
886,ssw
887,ssw
888,ssw
889,ssw
890,ssw
891,sot
892,ssw
893,ssw
894,ssw
895,ssw
896,sot
897,ven
898,ssw
899,ssw
900,ssw
901,ssw
902,ssw
903,ssw
904,ssw
905,tsn
906,ssw
907,ssw
908,ssw
909,ssw
910,ssw
911,ssw
912,ssw
913,ssw
914,ssw
915,ssw
916,ssw
917,ven
918,ssw
919,ssw
920,ssw
921,ssw
922,ssw
923,ssw
924,afr
925,sot
926,ssw
927,sot
928,ssw
929,afr
930,ssw
931,ssw
932,tso
933,ssw
934,ssw
935,ssw
936,ssw
937,ssw
938,ssw
939,ssw
940,tso
941,ssw
942,ssw
943,tso
944,ssw
945,ssw
946,ssw
947,ven
948,nso
949,ssw
950,ssw
951,ssw
952,ssw
953,sot
954,ssw
955,ssw
956,ssw
957,ssw
958,ssw
959,ssw
960,ssw
961,nso
962,ssw
963,ssw
964,tso
965,afr
966,ssw
967,ssw
968,tso
969,ssw
970,ssw
971,ssw
972,ssw
973,ssw
974,ssw
975,sot
976,ssw
977,ssw
978,ssw
979,ssw
980,ssw
981,ssw
982,ssw
983,afr
984,ssw
985,ssw
986,ssw
987,ssw
988,ssw
989,afr
990,ssw
991,ssw
992,ssw
993,ssw
994,ssw
995,ssw
996,ssw
997,nso
998,afr
999,ssw
1000,ssw
1001,ssw
1002,ssw
1003,ssw
1004,ssw
1005,afr
1006,ssw
1007,sot
1008,ssw
1009,ssw
1010,xho
1011,ssw
1012,ssw
1013,ssw
1014,xho
1015,ssw
1016,ssw
1017,sot
1018,afr
1019,ssw
1020,ssw
1021,ssw
1022,ssw
1023,ssw
1024,tso
1025,ssw
1026,afr
1027,ssw
1028,ssw
1029,ssw
1030,ssw
1031,ssw
1032,ssw
1033,ssw
1034,tso
1035,ssw
1036,ssw
1037,ssw
1038,nso
1039,nso
1040,ssw
1041,tso
1042,ssw
1043,ssw
1044,nso
1045,tso
1046,ssw
1047,ssw
1048,ssw
1049,sot
1050,ssw
1051,ssw
1052,ssw
1053,nso
1054,ssw
1055,nso
1056,ssw
1057,sot
1058,ssw
1059,ssw
1060,ssw
1061,eng
1062,ssw
1063,ssw
1064,ssw
1065,ssw
1066,ssw
1067,ssw
1068,ssw
1069,ssw
1070,ssw
1071,ssw
1072,sot
1073,tso
1074,ssw
1075,ssw
1076,sot
1077,ssw
1078,ssw
1079,ssw
1080,sot
1081,ssw
1082,ssw
1083,ssw
1084,ssw
1085,ssw
1086,sot
1087,ssw
1088,ssw
1089,nso
1090,ssw
1091,tso
1092,ssw
1093,ssw
1094,tso
1095,ssw
1096,ssw
1097,ssw
1098,ssw
1099,ssw
1100,ssw
1101,ssw
1102,ssw
1103,ssw
1104,sot
1105,nso
1106,ssw
1107,ssw
1108,ssw
1109,ssw
1110,ssw
1111,ssw
1112,ssw
1113,ssw
1114,ssw
1115,ssw
1116,afr
1117,ssw
1118,ssw
1119,ssw
1120,ven
1121,nso
1122,ssw
1123,nso
1124,ssw
1125,ssw
1126,ssw
1127,ssw
1128,ssw
1129,afr
1130,tso
1131,sot
1132,ssw
1133,ssw
1134,ssw
1135,ssw
1136,ssw
1137,ssw
1138,ssw
1139,ssw
1140,eng
1141,ssw
1142,afr
1143,ssw
1144,ssw
1145,ssw
1146,ssw
1147,ssw
1148,ssw
1149,ssw
1150,ssw
1151,ssw
1152,ssw
1153,nso
1154,ssw
1155,ssw
1156,ssw
1157,sot
1158,ssw
1159,ssw
1160,ssw
1161,xho
1162,ssw
1163,ssw
1164,tso
1165,eng
1166,ssw
1167,ssw
1168,ssw
1169,ssw
1170,ssw
1171,ssw
1172,ssw
1173,ssw
1174,ssw
1175,eng
1176,ssw
1177,nso
1178,ssw
1179,eng
1180,ssw
1181,ssw
1182,ssw
1183,nso
1184,nso
1185,ssw
1186,ssw
1187,ssw
1188,ssw
1189,nbl
1190,nso
1191,nso
1192,ven
1193,eng
1194,ssw
1195,ssw
1196,ssw
1197,ssw
1198,nso
1199,zul
1200,ssw
1201,tso
1202,ssw
1203,nso
1204,ssw
1205,ssw
1206,afr
1207,ssw
1208,ssw
1209,ssw
1210,ssw
1211,ssw
1212,nso
1213,ssw
1214,ssw
1215,ssw
1216,ssw
1217,afr
1218,ssw
1219,ssw
1220,afr
1221,tso
1222,ssw
1223,ssw
1224,ssw
1225,ssw
1226,ssw
1227,ssw
1228,nbl
1229,ssw
1230,ssw
1231,ssw
1232,ssw
1233,ssw
1234,ssw
1235,sot
1236,ssw
1237,ssw
1238,ssw
1239,ssw
1240,ssw
1241,ssw
1242,ssw
1243,ssw
1244,ssw
1245,ssw
1246,sot
1247,eng
1248,ssw
1249,ssw
1250,nso
1251,ssw
1252,ssw
1253,ssw
1254,ssw
1255,nso
1256,ven
1257,ssw
1258,sot
1259,ssw
1260,ssw
1261,ssw
1262,ssw
1263,ssw
1264,ssw
1265,afr
1266,ssw
1267,tso
1268,nso
1269,ssw
1270,ssw
1271,ssw
1272,ssw
1273,ssw
1274,ssw
1275,ssw
1276,ssw
1277,xho
1278,ssw
1279,eng
1280,ssw
1281,ssw
1282,eng
1283,ssw
1284,ssw
1285,ssw
1286,ssw
1287,nso
1288,ssw
1289,ssw
1290,ssw
1291,afr
1292,ssw
1293,ssw
1294,ssw
1295,ssw
1296,ssw
1297,ssw
1298,sot
1299,ssw
1300,nso
1301,ssw
1302,ssw
1303,ssw
1304,ssw
1305,sot
1306,ssw
1307,ssw
1308,ssw
1309,afr
1310,sot
1311,ssw
1312,ssw
1313,nso
1314,ssw
1315,tso
1316,nbl
1317,ssw
1318,nbl
1319,ssw
1320,ssw
1321,afr
1322,ssw
1323,ssw
1324,ssw
1325,sot
1326,ssw
1327,ssw
1328,tso
1329,tsn
1330,ssw
1331,ssw
1332,ssw
1333,ssw
1334,ssw
1335,ssw
1336,ssw
1337,ssw
1338,ssw
1339,ssw
1340,ssw
1341,ssw
1342,ssw
1343,nso
1344,ssw
1345,ssw
1346,ssw
1347,ssw
1348,ssw
1349,ssw
1350,ssw
1351,nso
1352,ssw
1353,sot
1354,ssw
1355,ssw
1356,ssw
1357,ssw
1358,ssw
1359,ssw
1360,ssw
1361,ssw
1362,ssw
1363,ssw
1364,afr
1365,sot
1366,ssw
1367,ssw
1368,ssw
1369,ssw
1370,ssw
1371,afr
1372,ssw
1373,ssw
1374,ssw
1375,ssw
1376,ssw
1377,ssw
1378,ssw
1379,ssw
1380,ssw
1381,ssw
1382,ssw
1383,ssw
1384,ssw
1385,ssw
1386,ssw
1387,ven
1388,ven
1389,ssw
1390,ssw
1391,ssw
1392,ssw
1393,ssw
1394,ssw
1395,ssw
1396,ssw
1397,ssw
1398,ssw
1399,ssw
1400,ssw
1401,ssw
1402,ssw
1403,ssw
1404,ssw
1405,ssw
1406,nso
1407,sot
1408,ssw
1409,ssw
1410,ssw
1411,ssw
1412,ssw
1413,ssw
1414,ssw
1415,ssw
1416,ssw
1417,nbl
1418,ssw
1419,ssw
1420,ssw
1421,ssw
1422,ssw
1423,ssw
1424,ssw
1425,ven
1426,ssw
1427,ssw
1428,ssw
1429,ssw
1430,ssw
1431,afr
1432,ssw
1433,tso
1434,ssw
1435,ssw
1436,ssw
1437,ssw
1438,ssw
1439,ssw
1440,ssw
1441,ssw
1442,ssw
1443,ssw
1444,nso
1445,ssw
1446,ssw
1447,ssw
1448,sot
1449,ssw
1450,ssw
1451,ssw
1452,ssw
1453,ssw
1454,ssw
1455,nso
1456,ssw
1457,ssw
1458,ssw
1459,ssw
1460,ssw
1461,xho
1462,ssw
1463,zul
1464,ssw
1465,ssw
1466,ssw
1467,ssw
1468,ssw
1469,ssw
1470,ssw
1471,ssw
1472,ssw
1473,ssw
1474,ssw
1475,ssw
1476,sot
1477,nso
1478,ven
1479,ssw
1480,ssw
1481,ssw
1482,ssw
1483,afr
1484,ssw
1485,ssw
1486,sot
1487,ssw
1488,ssw
1489,afr
1490,ssw
1491,ssw
1492,ssw
1493,ssw
1494,ssw
1495,ven
1496,ssw
1497,sot
1498,afr
1499,ssw
1500,ssw
1501,ssw
1502,ssw
1503,ssw
1504,ssw
1505,ssw
1506,ssw
1507,ssw
1508,ssw
1509,ssw
1510,ssw
1511,ssw
1512,zul
1513,ssw
1514,ssw
1515,ssw
1516,ssw
1517,ssw
1518,ssw
1519,ssw
1520,sot
1521,ssw
1522,sot
1523,ssw
1524,ssw
1525,tso
1526,sot
1527,nbl
1528,ssw
1529,eng
1530,afr
1531,ssw
1532,ssw
1533,ssw
1534,ssw
1535,ssw
1536,ssw
1537,ssw
1538,afr
1539,tso
1540,ssw
1541,ssw
1542,ssw
1543,ssw
1544,ssw
1545,ssw
1546,ssw
1547,afr
1548,ssw
1549,ssw
1550,ven
1551,ssw
1552,eng
1553,ssw
1554,ssw
1555,ven
1556,ssw
1557,ssw
1558,ssw
1559,ssw
1560,ssw
1561,ssw
1562,ssw
1563,ven
1564,ssw
1565,ssw
1566,ssw
1567,ssw
1568,ssw
1569,nso
1570,ssw
1571,ssw
1572,ssw
1573,ssw
1574,ssw
1575,ven
1576,ssw
1577,ssw
1578,ssw
1579,ssw
1580,ssw
1581,eng
1582,nso
1583,ssw
1584,ssw
1585,ssw
1586,ssw
1587,ssw
1588,ssw
1589,ssw
1590,sot
1591,ssw
1592,nso
1593,ssw
1594,ssw
1595,ssw
1596,ssw
1597,ssw
1598,ssw
1599,ssw
1600,ssw
1601,ssw
1602,ssw
1603,ssw
1604,ssw
1605,ssw
1606,ssw
1607,ssw
1608,ssw
1609,ssw
1610,ssw
1611,ssw
1612,ssw
1613,ssw
1614,ssw
1615,ssw
1616,sot
1617,tso
1618,ssw
1619,ssw
1620,nbl
1621,nso
1622,ssw
1623,ssw
1624,ssw
1625,ssw
1626,ssw
1627,ssw
1628,ssw
1629,ssw
1630,ssw
1631,eng
1632,ssw
1633,ssw
1634,ssw
1635,ssw
1636,ssw
1637,ven
1638,ssw
1639,sot
1640,afr
1641,ssw
1642,ssw
1643,eng
1644,ssw
1645,ssw
1646,ssw
1647,ssw
1648,ssw
1649,ssw
1650,ssw
1651,ssw
1652,nso
1653,xho
1654,nso
1655,ssw
1656,ssw
1657,tso
1658,ssw
1659,ssw
1660,ssw
1661,tso
1662,ssw
1663,ssw
1664,ssw
1665,ssw
1666,ssw
1667,afr
1668,ssw
1669,ssw
1670,sot
1671,ssw
1672,xho
1673,ssw
1674,ssw
1675,ssw
1676,ssw
1677,afr
1678,ssw
1679,ssw
1680,ssw
1681,ssw
1682,sot
1683,afr
1684,ssw
1685,ssw
1686,ssw
1687,ssw
1688,ssw
1689,ssw
1690,ssw
1691,afr
1692,ssw
1693,ssw
1694,sot
1695,sot
1696,ssw
1697,ssw
1698,nbl
1699,ssw
1700,ssw
1701,ssw
1702,ssw
1703,ssw
1704,ssw
1705,nso
1706,ssw
1707,ssw
1708,ssw
1709,ssw
1710,afr
1711,ssw
1712,ssw
1713,ssw
1714,ssw
1715,ssw
1716,ssw
1717,ssw
1718,ssw
1719,ssw
1720,ssw
1721,ssw
1722,ssw
1723,nso
1724,ssw
1725,ssw
1726,ssw
1727,nso
1728,ssw
1729,ssw
1730,ssw
1731,ssw
1732,afr
1733,ssw
1734,ssw
1735,ssw
1736,ssw
1737,ssw
1738,ssw
1739,ssw
1740,ssw
1741,ssw
1742,ssw
1743,ssw
1744,ssw
1745,sot
1746,ssw
1747,ssw
1748,ssw
1749,ssw
1750,ssw
1751,ssw
1752,ssw
1753,ssw
1754,afr
1755,ssw
1756,ssw
1757,ven
1758,ssw
1759,afr
1760,ssw
1761,ssw
1762,ssw
1763,xho
1764,ssw
1765,ssw
1766,ssw
1767,ssw
1768,ssw
1769,ssw
1770,ssw
1771,ssw
1772,sot
1773,ssw
1774,ssw
1775,ssw
1776,tso
1777,ssw
1778,ssw
1779,ssw
1780,ssw
1781,tso
1782,ssw
1783,ssw
1784,tsn
1785,ssw
1786,ssw
1787,ssw
1788,nbl
1789,ssw
1790,ssw
1791,ssw
1792,ssw
1793,ssw
1794,ssw
1795,ssw
1796,ssw
1797,ssw
1798,ssw
1799,ssw
1800,ssw
1801,ssw
1802,ssw
1803,nso
1804,sot
1805,ssw
1806,ssw
1807,ven
1808,ssw
1809,ssw
1810,ven
1811,ssw
1812,ssw
1813,ssw
1814,ssw
1815,sot
1816,tso
1817,ssw
1818,nso
1819,ssw
1820,ssw
1821,ssw
1822,ssw
1823,afr
1824,ssw
1825,ssw
1826,ssw
1827,ssw
1828,ssw
1829,ssw
1830,ssw
1831,ssw
1832,ssw
1833,ssw
1834,ssw
1835,ssw
1836,ssw
1837,ssw
1838,ssw
1839,ssw
1840,ssw
1841,ssw
1842,nso
1843,ssw
1844,ssw
1845,ssw
1846,ssw
1847,ssw
1848,ssw
1849,ssw
1850,ssw
1851,ssw
1852,ssw
1853,ssw
1854,ssw
1855,ssw
1856,afr
1857,ssw
1858,ssw
1859,ssw
1860,ssw
1861,ssw
1862,ssw
1863,ssw
1864,ssw
1865,ssw
1866,ven
1867,ssw
1868,ssw
1869,ssw
1870,ssw
1871,ssw
1872,ssw
1873,ssw
1874,ssw
1875,ssw
1876,ssw
1877,ven
1878,ssw
1879,ssw
1880,ssw
1881,ssw
1882,ssw
1883,ssw
1884,ven
1885,ssw
1886,ssw
1887,sot
1888,ssw
1889,ssw
1890,ssw
1891,ssw
1892,eng
1893,ssw
1894,ssw
1895,ssw
1896,ssw
1897,sot
1898,ssw
1899,ssw
1900,ssw
1901,ssw
1902,ssw
1903,ssw
1904,ssw
1905,ssw
1906,ssw
1907,ssw
1908,ssw
1909,ssw
1910,ssw
1911,nso
1912,ssw
1913,ssw
1914,afr
1915,ssw
1916,ssw
1917,ssw
1918,ssw
1919,tso
1920,ssw
1921,ssw
1922,ssw
1923,sot
1924,zul
1925,ssw
1926,ssw
1927,ssw
1928,ssw
1929,ssw
1930,ssw
1931,ssw
1932,ssw
1933,ven
1934,ssw
1935,ssw
1936,ssw
1937,ssw
1938,ssw
1939,ssw
1940,ssw
1941,ssw
1942,ssw
1943,ssw
1944,ssw
1945,ssw
1946,ssw
1947,nso
1948,ssw
1949,ssw
1950,ssw
1951,ssw
1952,ssw
1953,nso
1954,ssw
1955,ssw
1956,ssw
1957,ssw
1958,ssw
1959,ssw
1960,ssw
1961,ssw
1962,afr
1963,tso
1964,ssw
1965,ssw
1966,ssw
1967,ssw
1968,ssw
1969,ssw
1970,ssw
1971,ssw
1972,sot
1973,ssw
1974,ssw
1975,ssw
1976,ssw
1977,ssw
1978,ssw
1979,ssw
1980,ssw
1981,ssw
1982,ssw
1983,nso
1984,ssw
1985,ssw
1986,ssw
1987,ssw
1988,ssw
1989,sot
1990,ssw
1991,ssw
1992,xho
1993,tso
1994,nso
1995,ssw
1996,ven
1997,ssw
1998,eng
1999,xho
2000,ssw
2001,ven
2002,ssw
2003,nso
2004,ssw
2005,ssw
2006,ssw
2007,ssw
2008,ssw
2009,sot
2010,ssw
2011,ssw
2012,ssw
2013,ssw
2014,ssw
2015,ssw
2016,ssw
2017,ssw
2018,ssw
2019,ssw
2020,ssw
2021,ssw
2022,ssw
2023,tso
2024,ssw
2025,ssw
2026,ssw
2027,ssw
2028,ssw
2029,ssw
2030,ssw
2031,ssw
2032,ssw
2033,ssw
2034,ssw
2035,ssw
2036,tso
2037,sot
2038,tso
2039,ssw
2040,ssw
2041,ssw
2042,nso
2043,nso
2044,ssw
2045,nso
2046,ssw
2047,ssw
2048,ssw
2049,ssw
2050,ssw
2051,ssw
2052,eng
2053,ssw
2054,ssw
2055,ssw
2056,ssw
2057,ssw
2058,nso
2059,ssw
2060,afr
2061,ssw
2062,ssw
2063,ssw
2064,ssw
2065,eng
2066,ssw
2067,ssw
2068,ssw
2069,ssw
2070,xho
2071,ssw
2072,ssw
2073,ssw
2074,ssw
2075,ssw
2076,ssw
2077,afr
2078,ssw
2079,ssw
2080,ssw
2081,ssw
2082,sot
2083,ssw
2084,ssw
2085,ssw
2086,ssw
2087,nbl
2088,ssw
2089,ssw
2090,ssw
2091,ssw
2092,sot
2093,ssw
2094,ssw
2095,ssw
2096,ssw
2097,ssw
2098,ssw
2099,ssw
2100,sot
2101,ssw
2102,ssw
2103,ssw
2104,ssw
2105,ssw
2106,ssw
2107,ssw
2108,ssw
2109,tso
2110,ssw
2111,ssw
2112,afr
2113,ssw
2114,ssw
2115,nso
2116,ssw
2117,nso
2118,ssw
2119,ssw
2120,xho
2121,sot
2122,ssw
2123,ssw
2124,ssw
2125,sot
2126,afr
2127,ssw
2128,tso
2129,ssw
2130,tso
2131,ssw
2132,nso
2133,nso
2134,ssw
2135,nso
2136,ssw
2137,ssw
2138,ssw
2139,ssw
2140,ssw
2141,ssw
2142,sot
2143,ssw
2144,ssw
2145,ssw
2146,ssw
2147,sot
2148,ssw
2149,ssw
2150,ssw
2151,ssw
2152,ssw
2153,ssw
2154,ssw
2155,zul
2156,ssw
2157,ssw
2158,ssw
2159,ssw
2160,ssw
2161,afr
2162,ssw
2163,ssw
2164,xho
2165,ssw
2166,ssw
2167,ssw
2168,ssw
2169,ssw
2170,nso
2171,ssw
2172,tso
2173,ssw
2174,ssw
2175,ven
2176,afr
2177,ssw
2178,ssw
2179,ssw
2180,ssw
2181,ssw
2182,ssw
2183,ssw
2184,ssw
2185,sot
2186,nso
2187,ssw
2188,ssw
2189,ssw
2190,ssw
2191,ssw
2192,ssw
2193,ssw
2194,tso
2195,ssw
2196,ssw
2197,tso
2198,ssw
2199,afr
2200,ssw
2201,ssw
2202,ssw
2203,ssw
2204,sot
2205,ssw
2206,ssw
2207,ssw
2208,ssw
2209,ssw
2210,ssw
2211,ssw
2212,ssw
2213,ssw
2214,ssw
2215,nso
2216,ssw
2217,ssw
2218,afr
2219,ssw
2220,ssw
2221,nso
2222,ssw
2223,ssw
2224,ssw
2225,ssw
2226,ssw
2227,ssw
2228,ssw
2229,ssw
2230,ssw
2231,ssw
2232,ssw
2233,ssw
2234,ssw
2235,ssw
2236,afr
2237,ssw
2238,ssw
2239,ssw
2240,ssw
2241,ssw
2242,ssw
2243,ssw
2244,ssw
2245,ssw
2246,ssw
2247,ssw
2248,xho
2249,ssw
2250,ssw
2251,ssw
2252,ssw
2253,ssw
2254,eng
2255,ssw
2256,ssw
2257,ssw
2258,sot
2259,ssw
2260,ssw
2261,ssw
2262,ssw
2263,ssw
2264,ssw
2265,afr
2266,tso
2267,sot
2268,ssw
2269,ssw
2270,ssw
2271,sot
2272,sot
2273,ssw
2274,ssw
2275,nso
2276,ssw
2277,sot
2278,ssw
2279,ssw
2280,ssw
2281,ssw
2282,ssw
2283,ssw
2284,ssw
2285,ssw
2286,ssw
2287,ssw
2288,eng
2289,ssw
2290,ssw
2291,tso
2292,ssw
2293,ssw
2294,ssw
2295,ssw
2296,xho
2297,ssw
2298,ssw
2299,ssw
2300,ssw
2301,sot
2302,afr
2303,ssw
2304,ssw
2305,afr
2306,ssw
2307,ssw
2308,ssw
2309,ssw
2310,ssw
2311,ssw
2312,sot
2313,ssw
2314,ssw
2315,nso
2316,ssw
2317,ssw
2318,ssw
2319,sot
2320,ssw
2321,sot
2322,sot
2323,ssw
2324,ssw
2325,ssw
2326,ssw
2327,ssw
2328,ssw
2329,ssw
2330,zul
2331,ssw
2332,ssw
2333,ssw
2334,ssw
2335,ssw
2336,ssw
2337,ssw
2338,ssw
2339,nso
2340,ssw
2341,ssw
2342,ssw
2343,ssw
2344,ssw
2345,ssw
2346,ssw
2347,ssw
2348,ssw
2349,ssw
2350,ssw
2351,ssw
2352,ssw
2353,afr
2354,ssw
2355,ssw
2356,nso
2357,ssw
2358,ven
2359,ssw
2360,ssw
2361,ssw
2362,ssw
2363,ssw
2364,ssw
2365,ssw
2366,ssw
2367,nso
2368,ssw
2369,ssw
2370,ssw
2371,ssw
2372,afr
2373,ssw
2374,ssw
2375,ssw
2376,ssw
2377,ssw
2378,ssw
2379,afr
2380,ssw
2381,ven
2382,ssw
2383,ssw
2384,ssw
2385,nso
2386,nso
2387,ssw
2388,ssw
2389,ssw
2390,ssw
2391,zul
2392,ssw
2393,ssw
2394,ssw
2395,ssw
2396,sot
2397,ssw
2398,afr
2399,ssw
2400,sot
2401,ssw
2402,ssw
2403,ssw
2404,afr
2405,afr
2406,ssw
2407,ssw
2408,afr
2409,ssw
2410,ssw
2411,ssw
2412,ssw
2413,ssw
2414,ssw
2415,ssw
2416,ssw
2417,ven
2418,ssw
2419,ssw
2420,ssw
2421,ssw
2422,ssw
2423,ssw
2424,ssw
2425,afr
2426,ssw
2427,afr
2428,sot
2429,ssw
2430,ssw
2431,ssw
2432,ssw
2433,ssw
2434,ssw
2435,ssw
2436,ssw
2437,xho
2438,ssw
2439,ssw
2440,ssw
2441,ssw
2442,ssw
2443,ssw
2444,ssw
2445,ssw
2446,ssw
2447,ssw
2448,ssw
2449,ssw
2450,ssw
2451,ssw
2452,ssw
2453,ssw
2454,ssw
2455,ssw
2456,sot
2457,ssw
2458,ssw
2459,sot
2460,ssw
2461,afr
2462,nso
2463,ssw
2464,ssw
2465,ssw
2466,ssw
2467,ssw
2468,ssw
2469,ssw
2470,ssw
2471,afr
2472,ssw
2473,ven
2474,ssw
2475,ssw
2476,ssw
2477,ssw
2478,ssw
2479,ven
2480,ssw
2481,ssw
2482,ssw
2483,ssw
2484,ssw
2485,ssw
2486,ssw
2487,ssw
2488,ssw
2489,ssw
2490,ssw
2491,ssw
2492,ssw
2493,sot
2494,ssw
2495,ssw
2496,ssw
2497,ssw
2498,ssw
2499,ven
2500,ssw
2501,ssw
2502,ssw
2503,ssw
2504,ssw
2505,ssw
2506,sot
2507,ssw
2508,ssw
2509,ssw
2510,afr
2511,eng
2512,ssw
2513,nso
2514,ssw
2515,ssw
2516,ssw
2517,ssw
2518,ssw
2519,ssw
2520,ssw
2521,sot
2522,afr
2523,ssw
2524,sot
2525,ssw
2526,ssw
2527,ssw
2528,ssw
2529,ssw
2530,ssw
2531,eng
2532,ssw
2533,ssw
2534,zul
2535,ssw
2536,ssw
2537,nso
2538,afr
2539,ssw
2540,ssw
2541,afr
2542,ssw
2543,ssw
2544,ssw
2545,ssw
2546,sot
2547,tso
2548,ssw
2549,afr
2550,ssw
2551,ssw
2552,ssw
2553,sot
2554,ssw
2555,ssw
2556,sot
2557,ssw
2558,ssw
2559,ssw
2560,ssw
2561,tso
2562,ssw
2563,nbl
2564,ssw
2565,ssw
2566,nso
2567,afr
2568,ssw
2569,ssw
2570,ssw
2571,ssw
2572,ssw
2573,ssw
2574,ssw
2575,ssw
2576,ssw
2577,ssw
2578,eng
2579,nso
2580,ssw
2581,ssw
2582,nso
2583,ssw
2584,ssw
2585,ssw
2586,nso
2587,sot
2588,ssw
2589,ssw
2590,ssw
2591,ssw
2592,ssw
2593,ssw
2594,ssw
2595,ssw
2596,ssw
2597,ssw
2598,ssw
2599,ssw
2600,ssw
2601,nso
2602,ssw
2603,ssw
2604,afr
2605,afr
2606,eng
2607,ssw
2608,ssw
2609,tso
2610,ssw
2611,ssw
2612,ssw
2613,afr
2614,ssw
2615,ssw
2616,ssw
2617,ssw
2618,ssw
2619,ssw
2620,ssw
2621,ssw
2622,ssw
2623,ssw
2624,tso
2625,ssw
2626,ssw
2627,ssw
2628,eng
2629,ssw
2630,ssw
2631,ssw
2632,ssw
2633,ssw
2634,ssw
2635,ssw
2636,ssw
2637,ssw
2638,ssw
2639,ssw
2640,eng
2641,afr
2642,afr
2643,ssw
2644,afr
2645,nso
2646,ssw
2647,sot
2648,ssw
2649,ssw
2650,ssw
2651,eng
2652,eng
2653,ssw
2654,ssw
2655,ssw
2656,ssw
2657,ssw
2658,ssw
2659,eng
2660,ssw
2661,ssw
2662,ssw
2663,ssw
2664,ssw
2665,ssw
2666,nso
2667,sot
2668,ssw
2669,ssw
2670,tsn
2671,ssw
2672,ssw
2673,ssw
2674,ssw
2675,ssw
2676,ssw
2677,ssw
2678,ssw
2679,ssw
2680,eng
2681,ssw
2682,ssw
2683,ssw
2684,ssw
2685,ssw
2686,ssw
2687,ssw
2688,sot
2689,ssw
2690,nso
2691,ssw
2692,ssw
2693,ssw
2694,ssw
2695,ven
2696,ssw
2697,ssw
2698,ssw
2699,ssw
2700,ssw
2701,ssw
2702,afr
2703,ssw
2704,ssw
2705,ssw
2706,nso
2707,sot
2708,ssw
2709,ssw
2710,ssw
2711,ssw
2712,ssw
2713,ssw
2714,ssw
2715,ssw
2716,ssw
2717,ssw
2718,sot
2719,ssw
2720,afr
2721,ssw
2722,ssw
2723,ssw
2724,ssw
2725,ssw
2726,afr
2727,ssw
2728,ssw
2729,ssw
2730,ssw
2731,ssw
2732,sot
2733,ssw
2734,ssw
2735,ssw
2736,ssw
2737,sot
2738,ssw
2739,ssw
2740,ssw
2741,ssw
2742,afr
2743,nso
2744,ssw
2745,ssw
2746,ssw
2747,afr
2748,ssw
2749,ssw
2750,ssw
2751,ssw
2752,nso
2753,ssw
2754,ssw
2755,ven
2756,ssw
2757,ssw
2758,ssw
2759,ssw
2760,ssw
2761,ssw
2762,ssw
2763,ssw
2764,ssw
2765,ssw
2766,nso
2767,ssw
2768,sot
2769,sot
2770,tso
2771,eng
2772,ssw
2773,ssw
2774,ssw
2775,ssw
2776,ssw
2777,ssw
2778,ssw
2779,afr
2780,ssw
2781,ssw
2782,afr
2783,ssw
2784,ssw
2785,ssw
2786,ssw
2787,ssw
2788,ssw
2789,ssw
2790,ssw
2791,nbl
2792,ssw
2793,ssw
2794,ssw
2795,tso
2796,ssw
2797,ssw
2798,nso
2799,ven
2800,nso
2801,ssw
2802,ssw
2803,afr
2804,ssw
2805,ssw
2806,ssw
2807,ssw
2808,ssw
2809,afr
2810,sot
2811,sot
2812,eng
2813,ssw
2814,ssw
2815,ssw
2816,ssw
2817,ssw
2818,ssw
2819,ssw
2820,ssw
2821,ssw
2822,ssw
2823,ssw
2824,ssw
2825,nso
2826,ssw
2827,nso
2828,ssw
2829,ssw
2830,ssw
2831,xho
2832,ssw
2833,xho
2834,ssw
2835,ssw
2836,afr
2837,eng
2838,tso
2839,nso
2840,ssw
2841,ssw
2842,ssw
2843,ssw
2844,ssw
2845,ssw
2846,afr
2847,ssw
2848,ssw
2849,ssw
2850,ssw
2851,ssw
2852,ssw
2853,ssw
2854,ssw
2855,ssw
2856,ssw
2857,ssw
2858,ssw
2859,ssw
2860,ssw
2861,ssw
2862,sot
2863,ssw
2864,ssw
2865,ssw
2866,ssw
2867,ssw
2868,ssw
2869,ssw
2870,ssw
2871,afr
2872,ssw
2873,ssw
2874,ssw
2875,ssw
2876,ven
2877,ssw
2878,ssw
2879,ssw
2880,ssw
2881,ssw
2882,ssw
2883,ssw
2884,ssw
2885,ssw
2886,ssw
2887,ssw
2888,ssw
2889,ssw
2890,tso
2891,nso
2892,nso
2893,ssw
2894,ssw
2895,ssw
2896,ssw
2897,ssw
2898,ssw
2899,ssw
2900,ssw
2901,ssw
2902,ssw
2903,ssw
2904,ssw
2905,sot
2906,nso
2907,ssw
2908,ssw
2909,afr
2910,ssw
2911,nso
2912,ssw
2913,ssw
2914,ssw
2915,ssw
2916,ssw
2917,ssw
2918,ssw
2919,ssw
2920,ssw
2921,sot
2922,sot
2923,ssw
2924,sot
2925,ssw
2926,afr
2927,ssw
2928,ssw
2929,ssw
2930,ssw
2931,ssw
2932,afr
2933,ssw
2934,ssw
2935,ssw
2936,nso
2937,sot
2938,ssw
2939,nso
2940,ssw
2941,nso
2942,ssw
2943,ssw
2944,ven
2945,sot
2946,ssw
2947,ssw
2948,ssw
2949,tso
2950,ssw
2951,ssw
2952,ssw
2953,ssw
2954,ssw
2955,ssw
2956,ssw
2957,ssw
2958,ssw
2959,ssw
2960,ssw
2961,eng
2962,ssw
2963,ssw
2964,ssw
2965,ssw
2966,ssw
2967,nso
2968,ssw
2969,ssw
2970,tso
2971,ssw
2972,ssw
2973,ssw
2974,ssw
2975,nso
2976,ssw
2977,ssw
2978,ssw
2979,ssw
2980,nso
2981,ssw
2982,ssw
2983,ssw
2984,tso
2985,ssw
2986,ssw
2987,ssw
2988,ssw
2989,ssw
2990,ssw
2991,ssw
2992,ssw
2993,ssw
2994,ssw
2995,ssw
2996,sot
2997,ssw
2998,ssw
2999,ssw
3000,ssw
3001,ssw
3002,ssw
3003,ssw
3004,ssw
3005,afr
3006,ssw
3007,ssw
3008,ssw
3009,sot
3010,ssw
3011,ssw
3012,ssw
3013,sot
3014,afr
3015,afr
3016,ssw
3017,ssw
3018,ssw
3019,ssw
3020,sot
3021,eng
3022,sot
3023,ssw
3024,ssw
3025,ssw
3026,ssw
3027,ssw
3028,ssw
3029,ven
3030,tso
3031,ssw
3032,ssw
3033,ssw
3034,ssw
3035,ssw
3036,sot
3037,ssw
3038,ssw
3039,ssw
3040,ssw
3041,ssw
3042,nso
3043,ssw
3044,ssw
3045,ssw
3046,ssw
3047,ssw
3048,ssw
3049,ssw
3050,tsn
3051,ssw
3052,ssw
3053,ssw
3054,ven
3055,ssw
3056,ssw
3057,ssw
3058,ssw
3059,ssw
3060,ssw
3061,ssw
3062,ssw
3063,ssw
3064,ssw
3065,xho
3066,ssw
3067,ssw
3068,tsn
3069,ssw
3070,ssw
3071,ssw
3072,ssw
3073,ssw
3074,ssw
3075,ssw
3076,ssw
3077,ven
3078,ssw
3079,ssw
3080,ssw
3081,ssw
3082,ssw
3083,eng
3084,tso
3085,ssw
3086,ssw
3087,ssw
3088,ssw
3089,ssw
3090,ssw
3091,nbl
3092,nso
3093,sot
3094,ssw
3095,ssw
3096,ssw
3097,ssw
3098,ssw
3099,ssw
3100,ssw
3101,nso
3102,ssw
3103,ssw
3104,sot
3105,nso
3106,ssw
3107,ssw
3108,ssw
3109,xho
3110,ssw
3111,ssw
3112,ssw
3113,ssw
3114,eng
3115,sot
3116,ssw
3117,afr
3118,tso
3119,ssw
3120,ssw
3121,ssw
3122,ssw
3123,ssw
3124,sot
3125,ssw
3126,ssw
3127,ssw
3128,ssw
3129,ssw
3130,ssw
3131,ssw
3132,ssw
3133,ssw
3134,eng
3135,ssw
3136,nso
3137,ssw
3138,ssw
3139,ssw
3140,afr
3141,ssw
3142,ssw
3143,ssw
3144,ssw
3145,ssw
3146,ssw
3147,tso
3148,ssw
3149,ssw
3150,ssw
3151,nso
3152,ssw
3153,ssw
3154,xho
3155,ssw
3156,ssw
3157,afr
3158,ssw
3159,ssw
3160,ssw
3161,ssw
3162,ssw
3163,ssw
3164,zul
3165,ssw
3166,ssw
3167,ssw
3168,afr
3169,ssw
3170,tso
3171,ssw
3172,afr
3173,sot
3174,ssw
3175,ssw
3176,afr
3177,ven
3178,ven
3179,ssw
3180,ssw
3181,ssw
3182,ssw
3183,ssw
3184,ssw
3185,ssw
3186,ssw
3187,eng
3188,ssw
3189,ssw
3190,ssw
3191,ssw
3192,tso
3193,ssw
3194,nso
3195,ssw
3196,ssw
3197,xho
3198,sot
3199,ssw
3200,ssw
3201,ssw
3202,ssw
3203,eng
3204,afr
3205,ssw
3206,afr
3207,ssw
3208,xho
3209,ssw
3210,nso
3211,ssw
3212,ssw
3213,ssw
3214,ssw
3215,xho
3216,ssw
3217,ssw
3218,ssw
3219,ssw
3220,ssw
3221,ssw
3222,ssw
3223,ssw
3224,ssw
3225,tso
3226,ssw
3227,ssw
3228,nso
3229,ssw
3230,nso
3231,afr
3232,ssw
3233,ssw
3234,ssw
3235,ssw
3236,sot
3237,ssw
3238,ssw
3239,ssw
3240,ssw
3241,ssw
3242,ssw
3243,tso
3244,ssw
3245,ssw
3246,ssw
3247,ssw
3248,ssw
3249,ven
3250,ssw
3251,ssw
3252,ssw
3253,ssw
3254,ssw
3255,ssw
3256,ssw
3257,ssw
3258,ssw
3259,ssw
3260,ssw
3261,ssw
3262,ssw
3263,ssw
3264,ssw
3265,ssw
3266,ssw
3267,ssw
3268,ssw
3269,ssw
3270,ssw
3271,ssw
3272,ssw
3273,ssw
3274,afr
3275,ssw
3276,nso
3277,ssw
3278,ssw
3279,ssw
3280,ssw
3281,ssw
3282,ssw
3283,ssw
3284,ssw
3285,ssw
3286,ssw
3287,ssw
3288,ssw
3289,ssw
3290,ssw
3291,ssw
3292,ssw
3293,nso
3294,ssw
3295,afr
3296,ssw
3297,ssw
3298,ssw
3299,ssw
3300,sot
3301,ssw
3302,ssw
3303,ssw
3304,ssw
3305,tso
3306,eng
3307,ssw
3308,ssw
3309,ssw
3310,ssw
3311,ssw
3312,ssw
3313,ssw
3314,ssw
3315,nbl
3316,ssw
3317,ssw
3318,ssw
3319,afr
3320,ssw
3321,ssw
3322,eng
3323,sot
3324,ssw
3325,afr
3326,ssw
3327,nso
3328,ssw
3329,ssw
3330,ssw
3331,ssw
3332,ssw
3333,ssw
3334,ssw
3335,ssw
3336,ssw
3337,ven
3338,ssw
3339,ssw
3340,nso
3341,ssw
3342,tso
3343,ssw
3344,ssw
3345,ssw
3346,ssw
3347,tso
3348,ssw
3349,nso
3350,ssw
3351,ssw
3352,ssw
3353,ssw
3354,tso
3355,ssw
3356,sot
3357,ssw
3358,ssw
3359,nso
3360,ssw
3361,ssw
3362,ssw
3363,ssw
3364,ssw
3365,ssw
3366,ssw
3367,ssw
3368,ssw
3369,ssw
3370,zul
3371,ssw
3372,ssw
3373,ssw
3374,ssw
3375,tso
3376,tso
3377,ssw
3378,eng
3379,afr
3380,ssw
3381,ssw
3382,ssw
3383,ssw
3384,ssw
3385,nso
3386,ssw
3387,ssw
3388,ssw
3389,tso
3390,sot
3391,ssw
3392,ssw
3393,ssw
3394,ssw
3395,ssw
3396,ssw
3397,ssw
3398,ssw
3399,ssw
3400,ssw
3401,ssw
3402,ssw
3403,ssw
3404,ssw
3405,ssw
3406,ssw
3407,ssw
3408,ssw
3409,ssw
3410,xho
3411,ssw
3412,eng
3413,ssw
3414,ssw
3415,ssw
3416,ssw
3417,nbl
3418,ssw
3419,ssw
3420,ssw
3421,ssw
3422,ssw
3423,zul
3424,ssw
3425,ssw
3426,ssw
3427,ssw
3428,ssw
3429,ssw
3430,ssw
3431,ssw
3432,ssw
3433,ssw
3434,ssw
3435,nso
3436,ssw
3437,ssw
3438,afr
3439,ssw
3440,tso
3441,ssw
3442,ssw
3443,ven
3444,ssw
3445,ssw
3446,ssw
3447,ssw
3448,ssw
3449,ssw
3450,ssw
3451,ssw
3452,ssw
3453,afr
3454,ssw
3455,ssw
3456,ssw
3457,ssw
3458,ssw
3459,ssw
3460,ssw
3461,ssw
3462,ssw
3463,eng
3464,sot
3465,ssw
3466,ven
3467,ssw
3468,tso
3469,ssw
3470,ssw
3471,ssw
3472,ssw
3473,ssw
3474,ssw
3475,ssw
3476,ssw
3477,ssw
3478,ssw
3479,ssw
3480,ssw
3481,nso
3482,ssw
3483,ssw
3484,ssw
3485,ssw
3486,ssw
3487,ven
3488,ssw
3489,ssw
3490,xho
3491,ssw
3492,ssw
3493,ssw
3494,ssw
3495,ssw
3496,ssw
3497,ssw
3498,ssw
3499,ssw
3500,ssw
3501,ssw
3502,ssw
3503,ssw
3504,ssw
3505,ssw
3506,ssw
3507,ssw
3508,ssw
3509,ssw
3510,ssw
3511,ssw
3512,ssw
3513,ssw
3514,ssw
3515,nso
3516,ssw
3517,ssw
3518,ssw
3519,ssw
3520,ssw
3521,ssw
3522,ssw
3523,sot
3524,ssw
3525,ssw
3526,ssw
3527,ssw
3528,ssw
3529,ssw
3530,afr
3531,ssw
3532,ssw
3533,ssw
3534,ssw
3535,ssw
3536,ssw
3537,ssw
3538,ssw
3539,ssw
3540,ssw
3541,ssw
3542,ssw
3543,ssw
3544,ssw
3545,ssw
3546,ssw
3547,ssw
3548,ssw
3549,ssw
3550,ssw
3551,eng
3552,ssw
3553,ssw
3554,ssw
3555,ssw
3556,ssw
3557,ssw
3558,ssw
3559,ssw
3560,ssw
3561,nso
3562,ssw
3563,ssw
3564,ssw
3565,nso
3566,tsn
3567,ssw
3568,ssw
3569,ssw
3570,ssw
3571,ssw
3572,nso
3573,ssw
3574,ssw
3575,ssw
3576,ssw
3577,ven
3578,ssw
3579,ssw
3580,ssw
3581,ssw
3582,ssw
3583,ssw
3584,ssw
3585,ssw
3586,ssw
3587,ssw
3588,ssw
3589,ssw
3590,ssw
3591,ssw
3592,ssw
3593,ssw
3594,ssw
3595,ssw
3596,ssw
3597,tso
3598,ssw
3599,ssw
3600,ssw
3601,ssw
3602,ssw
3603,ssw
3604,ssw
3605,tso
3606,afr
3607,ssw
3608,ssw
3609,nso
3610,ssw
3611,tso
3612,ssw
3613,ssw
3614,afr
3615,ssw
3616,ssw
3617,ssw
3618,ssw
3619,ssw
3620,ssw
3621,eng
3622,ssw
3623,nso
3624,ssw
3625,ssw
3626,ssw
3627,nso
3628,ssw
3629,ssw
3630,ssw
3631,ssw
3632,sot
3633,afr
3634,eng
3635,ssw
3636,ssw
3637,ssw
3638,ssw
3639,sot
3640,ssw
3641,sot
3642,ssw
3643,ssw
3644,ssw
3645,afr
3646,ssw
3647,sot
3648,ssw
3649,ssw
3650,eng
3651,ssw
3652,ssw
3653,ssw
3654,ssw
3655,ssw
3656,ssw
3657,ssw
3658,sot
3659,ssw
3660,ssw
3661,ssw
3662,ssw
3663,ssw
3664,ssw
3665,sot
3666,nso
3667,ssw
3668,xho
3669,ssw
3670,ssw
3671,ssw
3672,ssw
3673,ssw
3674,ssw
3675,ssw
3676,ssw
3677,ssw
3678,ssw
3679,ssw
3680,ssw
3681,ssw
3682,ssw
3683,nso
3684,ssw
3685,ssw
3686,sot
3687,ssw
3688,ssw
3689,ssw
3690,ssw
3691,ssw
3692,ssw
3693,ssw
3694,ssw
3695,sot
3696,ssw
3697,ssw
3698,ssw
3699,ssw
3700,ssw
3701,ssw
3702,ssw
3703,tso
3704,ssw
3705,ssw
3706,ssw
3707,ssw
3708,ssw
3709,ssw
3710,ssw
3711,ssw
3712,tso
3713,ssw
3714,ssw
3715,ssw
3716,ssw
3717,afr
3718,ssw
3719,ssw
3720,ssw
3721,ssw
3722,ssw
3723,ssw
3724,ssw
3725,ssw
3726,ssw
3727,ssw
3728,ssw
3729,ssw
3730,ssw
3731,ssw
3732,ssw
3733,ssw
3734,ssw
3735,ssw
3736,ssw
3737,ssw
3738,ssw
3739,ssw
3740,ssw
3741,ssw
3742,ssw
3743,ssw
3744,ssw
3745,ssw
3746,ssw
3747,ssw
3748,nso
3749,ssw
3750,ssw
3751,ssw
3752,ssw
3753,nso
3754,ssw
3755,nbl
3756,ssw
3757,ssw
3758,sot
3759,ssw
3760,nso
3761,ssw
3762,ssw
3763,ssw
3764,ssw
3765,ssw
3766,ssw
3767,zul
3768,ssw
3769,ssw
3770,nso
3771,ssw
3772,ssw
3773,eng
3774,sot
3775,ssw
3776,ssw
3777,ssw
3778,ssw
3779,ssw
3780,ssw
3781,ssw
3782,sot
3783,tsn
3784,ssw
3785,ssw
3786,ssw
3787,ssw
3788,xho
3789,ssw
3790,ssw
3791,ssw
3792,ssw
3793,ssw
3794,ssw
3795,afr
3796,ssw
3797,nso
3798,ssw
3799,ssw
3800,ssw
3801,ssw
3802,ssw
3803,ssw
3804,ssw
3805,ssw
3806,ssw
3807,ssw
3808,ssw
3809,ssw
3810,ssw
3811,nso
3812,ssw
3813,ssw
3814,ssw
3815,ssw
3816,ssw
3817,ssw
3818,ssw
3819,ssw
3820,nso
3821,ssw
3822,ssw
3823,ssw
3824,nso
3825,ssw
3826,ssw
3827,ssw
3828,afr
3829,ssw
3830,ssw
3831,ssw
3832,ssw
3833,ssw
3834,ssw
3835,ssw
3836,ssw
3837,ssw
3838,ssw
3839,ssw
3840,ssw
3841,nso
3842,ssw
3843,ssw
3844,ssw
3845,ssw
3846,ssw
3847,ssw
3848,ssw
3849,ssw
3850,ssw
3851,ssw
3852,ssw
3853,ssw
3854,ssw
3855,nso
3856,ssw
3857,ssw
3858,afr
3859,sot
3860,tso
3861,ssw
3862,ssw
3863,ssw
3864,ssw
3865,ssw
3866,ssw
3867,afr
3868,nso
3869,ven
3870,ssw
3871,ssw
3872,ssw
3873,ssw
3874,ssw
3875,ssw
3876,eng
3877,ssw
3878,ssw
3879,ssw
3880,ssw
3881,ssw
3882,ssw
3883,sot
3884,ssw
3885,nso
3886,ven
3887,ssw
3888,ssw
3889,ssw
3890,ssw
3891,ssw
3892,nso
3893,ssw
3894,ssw
3895,ssw
3896,ssw
3897,ssw
3898,tso
3899,ssw
3900,ssw
3901,ssw
3902,nso
3903,eng
3904,ssw
3905,sot
3906,nso
3907,ssw
3908,ssw
3909,ssw
3910,ssw
3911,ssw
3912,ssw
3913,ssw
3914,ssw
3915,afr
3916,sot
3917,ssw
3918,ssw
3919,ssw
3920,ssw
3921,ssw
3922,ssw
3923,ssw
3924,ssw
3925,ssw
3926,ssw
3927,ssw
3928,ssw
3929,ssw
3930,ssw
3931,ssw
3932,ssw
3933,ssw
3934,nso
3935,ssw
3936,ssw
3937,ssw
3938,tso
3939,ssw
3940,ssw
3941,ssw
3942,ven
3943,ssw
3944,tso
3945,ssw
3946,nso
3947,ssw
3948,ssw
3949,ssw
3950,sot
3951,ssw
3952,ssw
3953,sot
3954,ssw
3955,ssw
3956,ssw
3957,ssw
3958,afr
3959,eng
3960,ssw
3961,tso
3962,ssw
3963,ssw
3964,ssw
3965,ssw
3966,ssw
3967,ssw
3968,xho
3969,ssw
3970,ssw
3971,ssw
3972,ssw
3973,ssw
3974,ssw
3975,ssw
3976,ssw
3977,ssw
3978,nso
3979,ssw
3980,nso
3981,ssw
3982,ssw
3983,ssw
3984,ssw
3985,sot
3986,ssw
3987,ssw
3988,ssw
3989,ssw
3990,eng
3991,ssw
3992,xho
3993,afr
3994,ssw
3995,ssw
3996,ssw
3997,ssw
3998,ssw
3999,nso
4000,ssw
4001,ssw
4002,ssw
4003,ssw
4004,ssw
4005,ssw
4006,nbl
4007,ssw
4008,ssw
4009,ssw
4010,nso
4011,ssw
4012,ssw
4013,ssw
4014,ssw
4015,tso
4016,ssw
4017,ssw
4018,ssw
4019,nbl
4020,ssw
4021,ssw
4022,ssw
4023,ssw
4024,tso
4025,ssw
4026,ssw
4027,ssw
4028,ssw
4029,ssw
4030,ssw
4031,ssw
4032,ssw
4033,ssw
4034,afr
4035,ssw
4036,ssw
4037,afr
4038,ssw
4039,ssw
4040,sot
4041,ssw
4042,ssw
4043,ssw
4044,ssw
4045,ssw
4046,ven
4047,ssw
4048,sot
4049,ssw
4050,ssw
4051,ssw
4052,ssw
4053,ssw
4054,ssw
4055,ssw
4056,ssw
4057,ssw
4058,ssw
4059,ssw
4060,afr
4061,ssw
4062,ssw
4063,ssw
4064,ssw
4065,sot
4066,xho
4067,zul
4068,ssw
4069,tso
4070,sot
4071,ssw
4072,ssw
4073,nso
4074,ssw
4075,ssw
4076,ssw
4077,ssw
4078,ssw
4079,afr
4080,ssw
4081,ssw
4082,afr
4083,ssw
4084,nso
4085,ssw
4086,afr
4087,ssw
4088,sot
4089,ssw
4090,tso
4091,ssw
4092,ssw
4093,ssw
4094,ssw
4095,ssw
4096,ssw
4097,ssw
4098,ssw
4099,afr
4100,ssw
4101,ssw
4102,ssw
4103,ssw
4104,ssw
4105,ssw
4106,ssw
4107,ssw
4108,afr
4109,ssw
4110,ssw
4111,ssw
4112,ssw
4113,ssw
4114,ssw
4115,ssw
4116,ssw
4117,ssw
4118,ssw
4119,ssw
4120,ssw
4121,afr
4122,nso
4123,ssw
4124,ssw
4125,ssw
4126,ssw
4127,ssw
4128,sot
4129,ssw
4130,ssw
4131,ssw
4132,afr
4133,ssw
4134,nso
4135,tso
4136,ssw
4137,ssw
4138,ssw
4139,ssw
4140,ssw
4141,ssw
4142,ssw
4143,ssw
4144,ssw
4145,ssw
4146,ssw
4147,ssw
4148,ssw
4149,ssw
4150,afr
4151,nso
4152,ssw
4153,ssw
4154,ssw
4155,ssw
4156,afr
4157,afr
4158,ssw
4159,nbl
4160,ssw
4161,ssw
4162,xho
4163,ssw
4164,tso
4165,tso
4166,ven
4167,ssw
4168,ssw
4169,nso
4170,ssw
4171,tsn
4172,eng
4173,ssw
4174,nbl
4175,ssw
4176,ssw
4177,sot
4178,tso
4179,ssw
4180,sot
4181,ssw
4182,ssw
4183,ssw
4184,ssw
4185,ssw
4186,sot
4187,ssw
4188,ssw
4189,ssw
4190,ssw
4191,nso
4192,ssw
4193,ssw
4194,ssw
4195,ssw
4196,ssw
4197,ssw
4198,afr
4199,ssw
4200,ssw
4201,tsn
4202,nso
4203,nso
4204,ssw
4205,ssw
4206,ssw
4207,nso
4208,ssw
4209,ssw
4210,ssw
4211,ssw
4212,ssw
4213,ssw
4214,ssw
4215,ssw
4216,ssw
4217,ssw
4218,ssw
4219,ssw
4220,ssw
4221,ssw
4222,ssw
4223,nso
4224,ssw
4225,ssw
4226,ssw
4227,ssw
4228,ssw
4229,ven
4230,ssw
4231,ssw
4232,ssw
4233,tso
4234,ssw
4235,ssw
4236,ssw
4237,ssw
4238,ssw
4239,ssw
4240,afr
4241,nso
4242,ssw
4243,ssw
4244,ssw
4245,ssw
4246,ven
4247,ssw
4248,ssw
4249,ssw
4250,ssw
4251,ssw
4252,ssw
4253,ssw
4254,ssw
4255,ssw
4256,ssw
4257,ssw
4258,ssw
4259,ssw
4260,ssw
4261,ssw
4262,ssw
4263,nso
4264,ssw
4265,ssw
4266,ssw
4267,ssw
4268,ssw
4269,ssw
4270,ssw
4271,ssw
4272,ssw
4273,ssw
4274,ssw
4275,ssw
4276,ssw
4277,ssw
4278,ssw
4279,ssw
4280,ssw
4281,ssw
4282,ssw
4283,ssw
4284,ssw
4285,ssw
4286,ssw
4287,ssw
4288,xho
4289,ssw
4290,ssw
4291,ven
4292,ssw
4293,ssw
4294,ssw
4295,xho
4296,ssw
4297,ssw
4298,ssw
4299,ssw
4300,ssw
4301,ssw
4302,nso
4303,ssw
4304,nso
4305,nso
4306,afr
4307,ssw
4308,afr
4309,ssw
4310,tso
4311,sot
4312,ssw
4313,ssw
4314,ssw
4315,afr
4316,ssw
4317,ssw
4318,ssw
4319,ssw
4320,eng
4321,ssw
4322,ssw
4323,ssw
4324,ssw
4325,xho
4326,nso
4327,xho
4328,sot
4329,ssw
4330,ssw
4331,ssw
4332,ven
4333,ssw
4334,ssw
4335,ssw
4336,ssw
4337,sot
4338,ssw
4339,ssw
4340,ssw
4341,ssw
4342,ssw
4343,ssw
4344,ssw
4345,tso
4346,ssw
4347,sot
4348,ssw
4349,ssw
4350,afr
4351,ssw
4352,zul
4353,ssw
4354,ssw
4355,xho
4356,ssw
4357,ssw
4358,ven
4359,ssw
4360,afr
4361,nso
4362,sot
4363,afr
4364,ssw
4365,sot
4366,afr
4367,ssw
4368,ssw
4369,ssw
4370,ssw
4371,ssw
4372,ssw
4373,ssw
4374,eng
4375,nso
4376,ssw
4377,ssw
4378,nso
4379,ssw
4380,ssw
4381,ssw
4382,ssw
4383,nbl
4384,ven
4385,ssw
4386,ssw
4387,ssw
4388,ssw
4389,ssw
4390,afr
4391,ssw
4392,nso
4393,nbl
4394,ssw
4395,ssw
4396,ssw
4397,ssw
4398,ssw
4399,tso
4400,ssw
4401,ssw
4402,ssw
4403,ssw
4404,ssw
4405,afr
4406,ssw
4407,ssw
4408,ssw
4409,ssw
4410,ssw
4411,ssw
4412,tso
4413,ssw
4414,ssw
4415,ssw
4416,ssw
4417,afr
4418,ssw
4419,ssw
4420,ssw
4421,ssw
4422,ssw
4423,sot
4424,ssw
4425,ssw
4426,eng
4427,ssw
4428,ssw
4429,ssw
4430,ssw
4431,ssw
4432,ssw
4433,ssw
4434,ssw
4435,afr
4436,ssw
4437,ssw
4438,ssw
4439,ssw
4440,ssw
4441,ssw
4442,ssw
4443,ssw
4444,ssw
4445,ssw
4446,ssw
4447,ssw
4448,ssw
4449,sot
4450,ssw
4451,tso
4452,ssw
4453,ssw
4454,ssw
4455,ssw
4456,ssw
4457,ssw
4458,ssw
4459,ssw
4460,ssw
4461,nso
4462,afr
4463,ssw
4464,ssw
4465,ssw
4466,ssw
4467,ssw
4468,ssw
4469,tso
4470,ssw
4471,ssw
4472,ssw
4473,tso
4474,nso
4475,ssw
4476,ssw
4477,ssw
4478,ssw
4479,ssw
4480,ssw
4481,ssw
4482,ssw
4483,ssw
4484,ssw
4485,ssw
4486,ssw
4487,ssw
4488,ssw
4489,ssw
4490,ssw
4491,ssw
4492,tso
4493,ssw
4494,ssw
4495,ssw
4496,ven
4497,ssw
4498,afr
4499,ssw
4500,ssw
4501,ssw
4502,xho
4503,ssw
4504,ssw
4505,sot
4506,ssw
4507,xho
4508,ssw
4509,ssw
4510,ssw
4511,ssw
4512,ssw
4513,ssw
4514,ssw
4515,ssw
4516,ssw
4517,xho
4518,sot
4519,ssw
4520,ssw
4521,ssw
4522,ssw
4523,ven
4524,ssw
4525,ssw
4526,ssw
4527,ssw
4528,ssw
4529,ssw
4530,ssw
4531,ssw
4532,ssw
4533,ssw
4534,ssw
4535,ssw
4536,ssw
4537,ssw
4538,ssw
4539,ssw
4540,ssw
4541,ssw
4542,ssw
4543,ssw
4544,ssw
4545,ssw
4546,nso
4547,sot
4548,ven
4549,ssw
4550,ssw
4551,ssw
4552,ssw
4553,ssw
4554,ssw
4555,ssw
4556,xho
4557,ssw
4558,ssw
4559,ssw
4560,ssw
4561,ssw
4562,ssw
4563,eng
4564,sot
4565,ssw
4566,ssw
4567,sot
4568,ssw
4569,ssw
4570,ssw
4571,ssw
4572,ssw
4573,afr
4574,ssw
4575,ssw
4576,ssw
4577,ssw
4578,ssw
4579,zul
4580,ssw
4581,tso
4582,ssw
4583,sot
4584,ssw
4585,ssw
4586,ssw
4587,ssw
4588,ssw
4589,ssw
4590,ssw
4591,sot
4592,ssw
4593,tso
4594,ven
4595,ssw
4596,ssw
4597,ven
4598,ssw
4599,ssw
4600,afr
4601,ssw
4602,ssw
4603,sot
4604,ssw
4605,ssw
4606,tso
4607,ssw
4608,ssw
4609,ssw
4610,ssw
4611,afr
4612,ssw
4613,xho
4614,ssw
4615,ssw
4616,ssw
4617,eng
4618,ssw
4619,ssw
4620,ssw
4621,ssw
4622,ssw
4623,ssw
4624,ssw
4625,ssw
4626,ssw
4627,ssw
4628,ssw
4629,tso
4630,ssw
4631,ssw
4632,ssw
4633,eng
4634,ssw
4635,ssw
4636,ssw
4637,ssw
4638,eng
4639,ssw
4640,ssw
4641,ssw
4642,ssw
4643,tso
4644,tso
4645,nso
4646,ssw
4647,nso
4648,ssw
4649,ssw
4650,ssw
4651,ssw
4652,sot
4653,ssw
4654,ssw
4655,nso
4656,ssw
4657,ssw
4658,ssw
4659,ssw
4660,ssw
4661,ssw
4662,ssw
4663,ssw
4664,ssw
4665,afr
4666,eng
4667,ssw
4668,ssw
4669,ssw
4670,xho
4671,ssw
4672,ssw
4673,ssw
4674,ssw
4675,xho
4676,xho
4677,ssw
4678,ssw
4679,ssw
4680,ssw
4681,ssw
4682,ssw
4683,ssw
4684,ven
4685,ssw
4686,afr
4687,ssw
4688,ssw
4689,ssw
4690,tso
4691,ssw
4692,ssw
4693,ssw
4694,ssw
4695,ssw
4696,sot
4697,sot
4698,ssw
4699,ssw
4700,ssw
4701,afr
4702,ssw
4703,ssw
4704,ssw
4705,tso
4706,ssw
4707,ssw
4708,sot
4709,ssw
4710,ssw
4711,ssw
4712,ssw
4713,nso
4714,ssw
4715,afr
4716,ssw
4717,ssw
4718,ssw
4719,ssw
4720,ssw
4721,afr
4722,ssw
4723,ssw
4724,ssw
4725,sot
4726,ssw
4727,ssw
4728,ssw
4729,ssw
4730,ssw
4731,nso
4732,ssw
4733,nso
4734,eng
4735,ssw
4736,ssw
4737,tso
4738,ssw
4739,ssw
4740,tso
4741,nso
4742,ssw
4743,xho
4744,ssw
4745,ssw
4746,ssw
4747,ssw
4748,ssw
4749,ssw
4750,ssw
4751,afr
4752,ssw
4753,sot
4754,ssw
4755,ssw
4756,ssw
4757,ssw
4758,ssw
4759,ssw
4760,ssw
4761,ssw
4762,ssw
4763,ssw
4764,ssw
4765,ssw
4766,nso
4767,ssw
4768,ssw
4769,ssw
4770,ssw
4771,ssw
4772,ssw
4773,sot
4774,ssw
4775,eng
4776,ssw
4777,ssw
4778,ssw
4779,nbl
4780,ssw
4781,ssw
4782,ssw
4783,ssw
4784,ssw
4785,ssw
4786,tso
4787,ssw
4788,ssw
4789,ssw
4790,ssw
4791,ssw
4792,afr
4793,ssw
4794,ssw
4795,ssw
4796,ssw
4797,ssw
4798,tso
4799,nso
4800,ssw
4801,ssw
4802,nso
4803,ssw
4804,eng
4805,ssw
4806,ssw
4807,ssw
4808,ssw
4809,ssw
4810,ssw
4811,ssw
4812,ssw
4813,ssw
4814,ssw
4815,nso
4816,ssw
4817,ssw
4818,ssw
4819,ssw
4820,xho
4821,ssw
4822,nso
4823,ssw
4824,sot
4825,ssw
4826,afr
4827,ssw
4828,ssw
4829,ssw
4830,ssw
4831,sot
4832,ssw
4833,ssw
4834,ssw
4835,sot
4836,ssw
4837,ssw
4838,ssw
4839,ssw
4840,xho
4841,ssw
4842,ssw
4843,zul
4844,ssw
4845,xho
4846,ssw
4847,tso
4848,ssw
4849,ssw
4850,ssw
4851,ssw
4852,ssw
4853,ssw
4854,ssw
4855,nso
4856,ssw
4857,ssw
4858,ssw
4859,ssw
4860,ssw
4861,ssw
4862,ssw
4863,ssw
4864,nso
4865,sot
4866,xho
4867,ssw
4868,ssw
4869,ssw
4870,ssw
4871,ssw
4872,ssw
4873,ven
4874,ssw
4875,ssw
4876,ssw
4877,ssw
4878,ssw
4879,ssw
4880,ssw
4881,ssw
4882,afr
4883,ssw
4884,ssw
4885,sot
4886,tso
4887,ssw
4888,ssw
4889,ssw
4890,ssw
4891,ssw
4892,ssw
4893,ssw
4894,ssw
4895,ssw
4896,ssw
4897,ssw
4898,ssw
4899,ssw
4900,tso
4901,eng
4902,ssw
4903,ssw
4904,ssw
4905,ssw
4906,ssw
4907,ssw
4908,sot
4909,ssw
4910,ssw
4911,sot
4912,ssw
4913,ssw
4914,nso
4915,ssw
4916,ssw
4917,ssw
4918,nso
4919,nbl
4920,ssw
4921,ssw
4922,ssw
4923,ssw
4924,ssw
4925,afr
4926,ssw
4927,ssw
4928,ssw
4929,ssw
4930,ssw
4931,ssw
4932,ssw
4933,ssw
4934,ssw
4935,ssw
4936,eng
4937,ssw
4938,ssw
4939,ssw
4940,ssw
4941,ssw
4942,nso
4943,ssw
4944,ssw
4945,ssw
4946,ssw
4947,ssw
4948,ssw
4949,afr
4950,ssw
4951,eng
4952,afr
4953,ssw
4954,ssw
4955,ssw
4956,tso
4957,nso
4958,ssw
4959,ssw
4960,ssw
4961,ssw
4962,ssw
4963,nso
4964,ssw
4965,sot
4966,ssw
4967,ssw
4968,ssw
4969,sot
4970,nso
4971,nso
4972,nso
4973,ssw
4974,ssw
4975,ssw
4976,ssw
4977,tso
4978,ssw
4979,ssw
4980,ssw
4981,ssw
4982,ssw
4983,tso
4984,ssw
4985,ssw
4986,ssw
4987,ssw
4988,ssw
4989,ven
4990,afr
4991,nso
4992,ssw
4993,ssw
4994,ssw
4995,ssw
4996,ssw
4997,ssw
4998,ssw
4999,afr
5000,eng
5001,ssw
5002,ven
5003,ssw
5004,ssw
5005,ssw
5006,sot
5007,ssw
5008,ssw
5009,ssw
5010,ssw
5011,ssw
5012,ssw
5013,ssw
5014,nso
5015,ssw
5016,tsn
5017,ssw
5018,ssw
5019,ssw
5020,nso
5021,ssw
5022,ssw
5023,ssw
5024,ssw
5025,ssw
5026,ssw
5027,ssw
5028,ssw
5029,ssw
5030,sot
5031,ssw
5032,sot
5033,ssw
5034,afr
5035,ssw
5036,ssw
5037,ssw
5038,ssw
5039,ssw
5040,ssw
5041,ssw
5042,ssw
5043,ssw
5044,ssw
5045,nso
5046,ssw
5047,ssw
5048,ssw
5049,ssw
5050,sot
5051,ssw
5052,sot
5053,ssw
5054,tso
5055,ssw
5056,ssw
5057,afr
5058,ssw
5059,ssw
5060,ssw
5061,sot
5062,ssw
5063,ssw
5064,ssw
5065,ssw
5066,ssw
5067,sot
5068,ssw
5069,ssw
5070,ssw
5071,afr
5072,ssw
5073,ssw
5074,ssw
5075,nso
5076,ssw
5077,eng
5078,afr
5079,ssw
5080,ssw
5081,zul
5082,ssw
5083,ssw
5084,ssw
5085,ssw
5086,ssw
5087,sot
5088,xho
5089,ssw
5090,ssw
5091,ssw
5092,afr
5093,ssw
5094,sot
5095,afr
5096,ssw
5097,ssw
5098,ssw
5099,afr
5100,ssw
5101,ssw
5102,ssw
5103,ssw
5104,ssw
5105,ssw
5106,ssw
5107,ssw
5108,ssw
5109,ssw
5110,ssw
5111,ssw
5112,ssw
5113,sot
5114,ssw
5115,ssw
5116,ssw
5117,ssw
5118,ssw
5119,afr
5120,sot
5121,ssw
5122,ssw
5123,ssw
5124,ssw
5125,afr
5126,afr
5127,ssw
5128,ssw
5129,ssw
5130,xho
5131,ssw
5132,ssw
5133,ssw
5134,ssw
5135,ssw
5136,ssw
5137,ssw
5138,ssw
5139,ssw
5140,ssw
5141,ssw
5142,ssw
5143,ssw
5144,ssw
5145,tso
5146,ssw
5147,ssw
5148,ssw
5149,xho
5150,ssw
5151,ssw
5152,ssw
5153,nbl
5154,ssw
5155,ssw
5156,ssw
5157,sot
5158,ssw
5159,eng
5160,ssw
5161,ssw
5162,ssw
5163,ssw
5164,ssw
5165,ssw
5166,nso
5167,ssw
5168,ssw
5169,ssw
5170,ssw
5171,nso
5172,ssw
5173,ssw
5174,ssw
5175,ssw
5176,ssw
5177,sot
5178,ssw
5179,ssw
5180,ssw
5181,tso
5182,ssw
5183,ssw
5184,ssw
5185,ssw
5186,ssw
5187,ssw
5188,ssw
5189,ssw
5190,ssw
5191,ssw
5192,ssw
5193,ssw
5194,ssw
5195,ssw
5196,ven
5197,ssw
5198,ssw
5199,ssw
5200,ssw
5201,ssw
5202,nso
5203,ssw
5204,ssw
5205,ssw
5206,ssw
5207,ssw
5208,ssw
5209,ssw
5210,ssw
5211,ssw
5212,ssw
5213,ssw
5214,ssw
5215,nso
5216,ssw
5217,afr
5218,ssw
5219,ssw
5220,ssw
5221,ssw
5222,ssw
5223,ssw
5224,tso
5225,ssw
5226,ssw
5227,nso
5228,ssw
5229,ssw
5230,afr
5231,tso
5232,sot
5233,ssw
5234,tso
5235,nso
5236,ssw
5237,ssw
5238,ssw
5239,ssw
5240,ssw
5241,ssw
5242,ssw
5243,ssw
5244,ssw
5245,ssw
5246,nso
5247,ssw
5248,ssw
5249,ssw
5250,ssw
5251,ssw
5252,ssw
5253,ssw
5254,ssw
5255,ssw
5256,ssw
5257,ssw
5258,ssw
5259,zul
5260,nso
5261,afr
5262,ssw
5263,ssw
5264,ssw
5265,ssw
5266,ssw
5267,ssw
5268,ven
5269,ssw
5270,ssw
5271,ssw
5272,ssw
5273,ssw
5274,ssw
5275,ssw
5276,ssw
5277,ssw
5278,ven
5279,sot
5280,ssw
5281,ssw
5282,ssw
5283,ssw
5284,ssw
5285,ssw
5286,ssw
5287,ssw
5288,ssw
5289,ssw
5290,ssw
5291,ssw
5292,xho
5293,ssw
5294,ssw
5295,ssw
5296,ssw
5297,tso
5298,nso
5299,ssw
5300,ssw
5301,ssw
5302,ssw
5303,ssw
5304,ssw
5305,xho
5306,ssw
5307,ssw
5308,ssw
5309,nso
5310,ssw
5311,ssw
5312,ssw
5313,ssw
5314,ssw
5315,ssw
5316,ssw
5317,ssw
5318,sot
5319,sot
5320,ssw
5321,xho
5322,eng
5323,ssw
5324,ssw
5325,ssw
5326,ssw
5327,afr
5328,ssw
5329,ssw
5330,ssw
5331,ssw
5332,ssw
5333,ssw
5334,ssw
5335,sot
5336,ssw
5337,ssw
5338,ssw
5339,ssw
5340,ssw
5341,ssw
5342,ssw
5343,ssw
5344,sot
5345,ssw
5346,ssw
5347,ssw
5348,ssw
5349,ssw
5350,ssw
5351,ssw
5352,ssw
5353,sot
5354,ssw
5355,nso
5356,ssw
5357,ssw
5358,ssw
5359,ssw
5360,ssw
5361,nso
5362,ssw
5363,ssw
5364,nso
5365,ssw
5366,sot
5367,ssw
5368,ven
5369,nso
5370,afr
5371,ssw
5372,ssw
5373,ssw
5374,ssw
5375,ssw
5376,ssw
5377,ssw
5378,ssw
5379,ssw
5380,ssw
5381,ssw
5382,ssw
5383,ssw
5384,ven
5385,ssw
5386,ssw
5387,ssw
5388,ssw
5389,ssw
5390,ssw
5391,tso
5392,sot
5393,ssw
5394,ssw
5395,sot
5396,ssw
5397,ssw
5398,ssw
5399,ssw
5400,ssw
5401,ssw
5402,ssw
5403,nso
5404,ssw
5405,ssw
5406,ssw
5407,ssw
5408,ssw
5409,ssw
5410,ssw
5411,ssw
5412,ssw
5413,ven
5414,ssw
5415,ssw
5416,ssw
5417,ssw
5418,ssw
5419,afr
5420,ssw
5421,zul
5422,ssw
5423,ssw
5424,ssw
5425,sot
5426,ssw
5427,ssw
5428,ssw
5429,ssw
5430,ssw
5431,ssw
5432,ssw
5433,ssw
5434,ssw
5435,ssw
5436,ssw
5437,ssw
5438,xho
5439,ssw
5440,ssw
5441,sot
5442,ssw
5443,ssw
5444,ssw
5445,sot
5446,ssw
5447,ssw
5448,sot
5449,ssw
5450,ssw
5451,ssw
5452,ssw
5453,ssw
5454,tsn
5455,ssw
5456,ssw
5457,ssw
5458,ssw
5459,ssw
5460,ssw
5461,ssw
5462,ssw
5463,nso
5464,ssw
5465,tso
5466,ssw
5467,nso
5468,ssw
5469,ssw
5470,ssw
5471,ssw
5472,ssw
5473,ssw
5474,nso
5475,ssw
5476,ssw
5477,xho
5478,ssw
5479,ssw
5480,ssw
5481,ssw
5482,ssw
5483,ssw
5484,ssw
5485,ssw
5486,ssw
5487,ssw
5488,ssw
5489,ssw
5490,ssw
5491,ssw
5492,ssw
5493,ssw
5494,ssw
5495,nso
5496,ven
5497,ssw
5498,ssw
5499,tso
5500,ssw
5501,sot
5502,sot
5503,nso
5504,ssw
5505,ssw
5506,ssw
5507,ssw
5508,nso
5509,ssw
5510,sot
5511,ssw
5512,ssw
5513,ssw
5514,ssw
5515,ssw
5516,ssw
5517,nso
5518,ssw
5519,ssw
5520,ssw
5521,ssw
5522,ssw
5523,ssw
5524,ssw
5525,ssw
5526,ven
5527,ssw
5528,ssw
5529,sot
5530,ssw
5531,ssw
5532,ssw
5533,ssw
5534,ssw
5535,ssw
5536,ssw
5537,ssw
5538,ssw
5539,tso
5540,nbl
5541,ssw
5542,afr
5543,ssw
5544,ssw
5545,ssw
5546,ven
5547,tsn
5548,ssw
5549,ssw
5550,ssw
5551,nso
5552,ssw
5553,ssw
5554,ssw
5555,ssw
5556,ssw
5557,ssw
5558,sot
5559,ssw
5560,sot
5561,ssw
5562,ssw
5563,ssw
5564,ssw
5565,afr
5566,nso
5567,ssw
5568,tso
5569,ssw
5570,ssw
5571,ssw
5572,ssw
5573,ven
5574,sot
5575,ssw
5576,ssw
5577,tso
5578,ssw
5579,ven
5580,sot
5581,ssw
5582,ssw
5583,ssw
5584,ssw
5585,ssw
5586,ssw
5587,ssw
5588,ssw
5589,ssw
5590,tso
5591,ssw
5592,ssw
5593,ssw
5594,ssw
5595,ssw
5596,ssw
5597,ssw
5598,ssw
5599,ssw
5600,ssw
5601,ssw
5602,ssw
5603,ssw
5604,sot
5605,ven
5606,ssw
5607,ssw
5608,sot
5609,xho
5610,nso
5611,ssw
5612,ssw
5613,afr
5614,ssw
5615,ssw
5616,nbl
5617,ssw
5618,tso
5619,ven
5620,ssw
5621,ssw
5622,ssw
5623,ssw
5624,ssw
5625,ssw
5626,ssw
5627,ssw
5628,ssw
5629,ssw
5630,ssw
5631,nbl
5632,ssw
5633,nso
5634,ssw
5635,nso
5636,ssw
5637,ssw
5638,ssw
5639,ssw
5640,ssw
5641,ssw
5642,ssw
5643,ssw
5644,ssw
5645,ssw
5646,ssw
5647,tsn
5648,ssw
5649,nso
5650,ssw
5651,ssw
5652,ssw
5653,ssw
5654,sot
5655,ssw
5656,ssw
5657,ssw
5658,ssw
5659,ssw
5660,ssw
5661,ssw
5662,ssw
5663,ssw
5664,afr
5665,ssw
5666,afr
5667,ssw
5668,xho
5669,ssw
5670,ssw
5671,ssw
5672,sot
5673,afr
5674,ssw
5675,ssw
5676,ssw
5677,ssw
5678,ssw
5679,nso
5680,ssw
5681,ssw
5682,ssw
